<?xml version="1.0" encoding="UTF-8"?>
<GenRun Id="impl_1" LaunchPart="xc7a35tcpg236-1" LaunchTime="1646150229">
  <File Type="ROUTE-PWR" Name="DE_1_power_routed.rpt"/>
  <File Type="PA-TCL" Name="DE_1.tcl"/>
  <File Type="BITSTR-BMM" Name="DE_1_bd.bmm"/>
  <File Type="ROUTE-PWR-SUM" Name="DE_1_power_summary_routed.pb"/>
  <File Type="REPORTS-TCL" Name="DE_1_reports.tcl"/>
  <File Type="OPT-DCP" Name="DE_1_opt.dcp"/>
  <File Type="OPT-DRC" Name="DE_1_drc_opted.rpt"/>
  <File Type="OPT-HWDEF" Name="DE_1.hwdef"/>
  <File Type="PWROPT-DCP" Name="DE_1_pwropt.dcp"/>
  <File Type="PLACE-DCP" Name="DE_1_placed.dcp"/>
  <File Type="PLACE-IO" Name="DE_1_io_placed.rpt"/>
  <File Type="PLACE-UTIL" Name="DE_1_utilization_placed.rpt"/>
  <File Type="PLACE-UTIL-PB" Name="DE_1_utilization_placed.pb"/>
  <File Type="PLACE-CTRL" Name="DE_1_control_sets_placed.rpt"/>
  <File Type="PLACE-PRE-SIMILARITY" Name="DE_1_incremental_reuse_pre_placed.rpt"/>
  <File Type="POSTPLACE-PWROPT-DCP" Name="DE_1_postplace_pwropt.dcp"/>
  <File Type="BG-BIN" Name="DE_1.bin"/>
  <File Type="PHYSOPT-DCP" Name="DE_1_physopt.dcp"/>
  <File Type="BITSTR-MSK" Name="DE_1.msk"/>
  <File Type="ROUTE-ERROR-DCP" Name="DE_1_routed_error.dcp"/>
  <File Type="ROUTE-DCP" Name="DE_1_routed.dcp"/>
  <File Type="ROUTE-BLACKBOX-DCP" Name="DE_1_routed_bb.dcp"/>
  <File Type="ROUTE-DRC" Name="DE_1_drc_routed.rpt"/>
  <File Type="ROUTE-DRC-PB" Name="DE_1_drc_routed.pb"/>
  <File Type="ROUTE-DRC-RPX" Name="DE_1_drc_routed.rpx"/>
  <File Type="ROUTE-METHODOLOGY-DRC" Name="DE_1_methodology_drc_routed.rpt"/>
  <File Type="BITSTR-MMI" Name="DE_1.mmi"/>
  <File Type="ROUTE-METHODOLOGY-DRC-RPX" Name="DE_1_methodology_drc_routed.rpx"/>
  <File Type="ROUTE-METHODOLOGY-DRC-PB" Name="DE_1_methodology_drc_routed.pb"/>
  <File Type="ROUTE-PWR-RPX" Name="DE_1_power_routed.rpx"/>
  <File Type="ROUTE-STATUS" Name="DE_1_route_status.rpt"/>
  <File Type="ROUTE-STATUS-PB" Name="DE_1_route_status.pb"/>
  <File Type="ROUTE-TIMINGSUMMARY" Name="DE_1_timing_summary_routed.rpt"/>
  <File Type="ROUTE-TIMING-PB" Name="DE_1_timing_summary_routed.pb"/>
  <File Type="ROUTE-TIMING-RPX" Name="DE_1_timing_summary_routed.rpx"/>
  <File Type="ROUTE-CLK" Name="DE_1_clock_utilization_routed.rpt"/>
  <File Type="ROUTE-BUS-SKEW" Name="DE_1_bus_skew_routed.rpt"/>
  <File Type="ROUTE-BUS-SKEW-PB" Name="DE_1_bus_skew_routed.pb"/>
  <File Type="ROUTE-BUS-SKEW-RPX" Name="DE_1_bus_skew_routed.rpx"/>
  <File Type="POSTROUTE-PHYSOPT-DCP" Name="DE_1_postroute_physopt.dcp"/>
  <File Type="POSTROUTE-PHYSOPT-BLACKBOX-DCP" Name="DE_1_postroute_physopt_bb.dcp"/>
  <File Type="BG-BIT" Name="DE_1.bit"/>
  <File Type="BITSTR-RBT" Name="DE_1.rbt"/>
  <File Type="BITSTR-NKY" Name="DE_1.nky"/>
  <File Type="PDI-FILE" Name="DE_1.pdi"/>
  <File Type="RCFI_FILE" Name="DE_1.rcfi"/>
  <File Type="CFI_FILE" Name="DE_1.cfi"/>
  <File Type="RNPI_FILE" Name="DE_1.rnpi"/>
  <File Type="NPI_FILE" Name="DE_1.npi"/>
  <File Type="RBD_FILE" Name="DE_1.rbd"/>
  <File Type="BITSTR-LTX" Name="DE_1.ltx"/>
  <File Type="BITSTR-SYSDEF" Name="DE_1.sysdef"/>
  <File Type="BG-BGN" Name="DE_1.bgn"/>
  <File Type="BG-DRC" Name="DE_1.drc"/>
  <File Type="RDI-RDI" Name="DE_1.vdi"/>
  <File Type="WBT-USG" Name="usage_statistics_webtalk.html"/>
  <FileSet Name="sources" Type="DesignSrcs" RelSrcDir="$PSRCDIR/sources_1">
    <Filter Type="Srcs"/>
    <File Path="$PSRCDIR/sources_1/new/DE1.vhd">
      <FileInfo>
        <Attr Name="UsedIn" Val="synthesis"/>
        <Attr Name="UsedIn" Val="simulation"/>
      </FileInfo>
    </File>
    <Config>
      <Option Name="DesignMode" Val="RTL"/>
      <Option Name="TopModule" Val="DE_1"/>
      <Option Name="TopAutoSet" Val="TRUE"/>
    </Config>
  </FileSet>
  <FileSet Name="constrs_in" Type="Constrs" RelSrcDir="$PSRCDIR/constrs_1">
    <Filter Type="Constrs"/>
    <File Path="$PPRDIR/../Downloads/Basys-3-Master.xdc">
      <FileInfo>
        <Attr Name="UsedIn" Val="synthesis"/>
        <Attr Name="UsedIn" Val="implementation"/>
      </FileInfo>
    </File>
    <Config>
      <Option Name="TargetConstrsFile" Val="$PPRDIR/../Downloads/Basys-3-Master.xdc"/>
      <Option Name="ConstrsType" Val="XDC"/>
    </Config>
  </FileSet>
  <FileSet Name="utils" Type="Utils" RelSrcDir="$PSRCDIR/utils_1">
    <Filter Type="Utils"/>
    <Config>
      <Option Name="TopAutoSet" Val="TRUE"/>
    </Config>
  </FileSet>
  <Strategy Version="1" Minor="2">
    <StratHandle Name="Vivado Implementation Defaults" Flow="Vivado Implementation 2019"/>
    <Step Id="init_design"/>
    <Step Id="opt_design"/>
    <Step Id="power_opt_design"/>
    <Step Id="place_design"/>
    <Step Id="post_place_power_opt_design"/>
    <Step Id="phys_opt_design" EnableStepBool="1"/>
    <Step Id="route_design"/>
    <Step Id="post_route_phys_opt_design"/>
    <Step Id="write_bitstream">
      <Option Id="BinFile">1</Option>
    </Step>
    <Step Id="write_device_image"/>
  </Strategy>
</GenRun>
